pin_number,board,title,description,image_description,link_path,keywords
1,Fragrâncias Árabes de Luxo,Oud Oil Puro — O Ouro Líquido do Médio Oriente,"Descobre o Oud Oil — a fragrância mais preciosa do mundo. Mais rara que o ouro, usada pelas famílias reais árabes há 3000 anos. 100% natural, sem álcool, dura 12+ horas na pele. Disponível em Portugal. | luxury arabian perfume | oud oil portugal | natural fragrance | alcohol free perfume",Luxury dark bottle of oud oil on black marble with Arabic calligraphy in background and dramatic lighting,/products#oud-puro,"oud oil, luxury arabian perfume, natural fragrance, alcohol free perfume, Middle Eastern perfume"
2,Oud Oil — O Ouro Líquido,Como Usar Oud Oil — Guia Completo para Iniciantes,"Aprende a aplicar Oud Oil correctamente para máxima duração e impacto. Pontos de pulsação, temperatura, camadas — o guia dos perfumistas árabes. Attar e oud: a diferença que vai mudar a forma como uses perfume. | oud oil guide | how to apply oud | natural perfume portugal",Step by step illustrated guide showing oud oil application on wrist pulse points with gold accents,/blog/como-usar-oud,"how to apply oud, oud oil guide, natural perfume tips, arabian fragrance"
3,Fragrâncias Árabes de Luxo,Attar Árabe — Perfume Natural Sem Álcool,"O Attar é a tradição perfumista árabe de 1000 anos: perfume puro em base de óleo, sem álcool, sem sintéticos. Dura 8-12 horas. Evolui com a tua química corporal. Descobre a diferença. | attar perfume | natural perfume | alcohol free perfume | arabian perfume portugal",Elegant attar bottle on white marble surrounded by rose petals with golden warm lighting,/products#attar-colecao,"attar perfume, natural perfume, alcohol free perfume, arabian attar oil"
4,Rituais de Luxo em Casa,Bakhoor — Como Transformar a Tua Casa num Palácio Árabe,"O Bakhoor é o incenso árabe de luxo que transforma qualquer espaço em segundos. Agarwood, rosas e âmbar combinados — o segredo dos hotéis 5 estrelas e das famílias reais do Golfo. Tutorial completo incluído. | bakhoor | home fragrance | arabian incense | luxury home",Beautiful living room with ornate silver bakhoor burner with smoke rising, warm amber lighting and plush cushions,/products#bakhoor,"bakhoor, arabian incense, home fragrance, luxury home scent, how to use bakhoor"
5,Presentes de Luxo,Presente de Luxo Árabe — Embalagem Premium,"O presente perfeito para quem já tem tudo. Fragrâncias árabes autênticas em embalagem de luxo — Oud, Attar ou Bakhoor. A experiência olfativa mais memorável que podes oferecer. Entrega em Portugal. | luxury gift | arabian perfume gift | unique gift portugal",Black luxury gift box with gold ribbon partially open showing oud oil bottle inside, elegant styling,/products,"luxury gift, arabian perfume gift, unique gift portugal, luxury present"
6,Perfumes Sem Álcool,Por Que os Perfumes Árabes Duram 3x Mais,"A ciência por detrás da duração extraordinária dos attars e ouds árabes. Óleo vs álcool: a diferença que a indústria ocidental não te conta. Guia comparativo completo. | alcohol free perfume | long lasting perfume | natural fragrance | attar vs perfume",Infographic style pin: two perfume bottles side by side with duration comparison, clean modern design,/blog/porque-oud-dura-mais,"alcohol free perfume, long lasting perfume, natural fragrance facts, attar guide"
7,Arabian Perfumes,A História do Oud — 3000 Anos de Luxo,"Do Templos da Índia Antiga aos palácios do Dubai moderno — a história fascinante do Oud, a fragrância mais preciosa do mundo. Descobre a origem e significado cultural desta tradição milenar. | oud history | arabian fragrance history | agarwood | luxury perfume",Artistic vintage-map style pin with Silk Road route and oud wood illustration, sepia tones and gold details,/blog/historia-do-oud,"oud history, arabian fragrance, agarwood history, Middle Eastern perfume culture"
8,Fragrâncias Árabes de Luxo,Oud vs Attar vs Bakhoor — Qual Escolher?,"Guia visual definitivo: as 3 grandes categorias de fragrâncias árabes explicadas. Qual é a diferença? Para quem é cada um? Qual começar? Resposta clara em 60 segundos. | oud vs attar | bakhoor guide | arabian fragrance types | natural perfume",Three product category flat lay: oud bottle, attar bottle, bakhoor chips - each clearly labeled with descriptions,/blog/guia-fragrancias-arabes,"oud vs attar, bakhoor explained, arabian fragrance guide, which to choose"
9,Rituais de Luxo em Casa,5 Rituais Árabes com Bakhoor para Adoptar Hoje,"Os rituais de bem-estar mais luxuosos do Médio Oriente, adaptados para a vida moderna em Portugal. Hospitalidade, meditação, sono, celebração — o Bakhoor como chave para cada momento. | bakhoor ritual | arabian home ritual | luxury wellness | home fragrance routine",Beautiful flat lay of bakhoor ritual setup: ornate burner, chips, charcoal, candle - all on moroccan tiled surface,/blog/rituais-bakhoor,"bakhoor ritual, arabian home fragrance, luxury wellness ritual, home scent routine"
10,Perfumes Sem Álcool,Guia de Attars — As Melhores Fragrâncias Sem Álcool 2026,"Os melhores attars árabes disponíveis em Portugal: Rosa & Oud, Âmbar, Sândalo, Musk Branco. Comparação completa com notas olfativas, duração e perfil de uso. Ideal para pele sensível. | attar guide 2026 | best alcohol free perfume | natural perfume portugal | arabian attar",Elegant comparison chart of attar fragrances with fragrance wheel and bottle photography,/products#attar-colecao,"best attar perfume, alcohol free perfume guide, natural perfume comparison, arabian attar review"
11,Fragrâncias Árabes de Luxo,Oud Puro Agarwood — A Fragrância da Realeza Árabe,"O Oud Puro de Agarwood é a fragrância mais exclusiva do planeta. Veja por que as famílias reais do Qatar, Dubai e Arábia Saudita a usam como símbolo de status e tradição. | pure oud | agarwood oil | royal arabian fragrance | luxury perfume",Dramatic dark product photography: oud oil bottle with agarwood chips and Arabic calligraphy card on dark marble,/products#oud-puro,"pure oud oil, agarwood perfume, royal arabian fragrance, luxury oud portugal"
12,Presentes de Luxo,Box de Fragrâncias Árabes — Presente Único,"A caixa de presente mais inesperada e memorável: Oud, Attar e Bakhoor numa embalagem premium de luxo árabe. Para aniversários, Natal, casamentos, ou simplesmente por amor. | arabian gift box | luxury fragrance gift | unique present | gift set portugal",Gift set photography: all three products in luxury box with Portuguese countryside background, natural light,/products,"arabian gift set, luxury fragrance box, unique gift portugal, premium perfume gift"
13,Arabian Perfumes,Rosa de Taif — A Rainha das Rosas Árabes,"As rosas de Taif, na Arábia Saudita, são as mais preciosas do mundo. O óleo de rosa de Taif combinado com Oud cria a fragrância floral mais luxuosa da história. Descobre o nosso Attar Rosa & Oud. | taif rose | rose oud | arabian rose | luxury floral fragrance",Beautiful pink rose garden with attar bottle among petals, golden hour sunlight, romantic and luxurious feel,/products#attar-rosa-oud,"taif rose perfume, rose oud attar, arabian rose fragrance, luxury floral perfume"
14,Rituais de Luxo em Casa,Spa Árabe em Casa — Guia Completo,"Transforma a tua casa numa experiência de spa de luxo árabe com fragrâncias. Bakhoor no salão, attar de rosas no banho, oud no quarto — o guia sensorial completo. | arabian spa home | luxury home fragrance | spa at home | self care routine",Luxurious bathroom/home spa setup with bakhoor burner, rose petals, candles and luxury bottles,/blog/spa-arabe-em-casa,"arabian spa home, luxury home fragrance, spa at home guide, self care with arabian scents"
15,Perfumes Sem Álcool,Attar para Pele Sensível — A Solução Natural,"Se tens pele sensível ou alergia ao álcool dos perfumes, os Attars árabes são a solução perfeita. 100% naturais, hipoalergénicos, sem irritantes. Descobre os melhores attars para pele delicada. | attar for sensitive skin | natural perfume allergies | alcohol free fragrance | hypoallergenic perfume",Soft, gentle aesthetic: attar bottle with botanical ingredients scattered around, pastel tones, clean beauty feel,/products#attar-colecao,"attar sensitive skin, natural perfume hypoallergenic, alcohol free fragrance safe, arabian perfume gentle"
16,Arabian Perfumes,O Que é Bakhoor? Guia Completo do Incenso Árabe,"Bakhoor é muito mais que incenso — é um ritual cultural, uma arte, uma tradição de hospitalidade árabe com séculos de história. Aprende tudo sobre os tipos, como usar e de onde vem. | what is bakhoor | arabian incense guide | bakhoor explained | oud incense",Atmospheric dark photography: ornate metal bakhoor burner with smoke rising artistically, golden bokeh background,/blog/o-que-e-bakhoor,"what is bakhoor, arabian incense explained, bakhoor guide, oud incense portugal"
17,Fragrâncias Árabes de Luxo,Âmbar Árabe — A Fragrância da Antiguidade,"O âmbar é uma das fragrâncias mais antigas da humanidade — resina fóssil usada nos mercados da Pérsia há 3000 anos. O nosso Attar de Âmbar captura essa essência: doce, quente, profundo, eterno. | amber fragrance | arabian amber | attar amber | ancient perfume",Golden amber resin pieces and attar bottle on wooden ancient-looking surface with warm golden light,/products#attar-ambar,"arabian amber fragrance, attar amber, ancient perfume, warm sweet fragrance natural"
18,Presentes de Luxo,Guia de Presentes de Luxo — Fragrâncias Árabes por Preço,"O guia completo de presentes de fragrâncias árabes para todos os orçamentos: €39 Bakhoor, €49 Attar, €69 Oud Puro. Qual escolher para cada ocasião? Embalagem premium incluída. | luxury gift guide | arabian perfume gift | gift by budget | premium present portugal",Clean gift guide infographic: three price tiers with product photos and occasion recommendations, gold and black,/products,"luxury gift guide arabian perfume, gift by budget portugal, premium fragrance present, unique gift ideas"
19,Decoração Árabe & Oriental,Decoração Árabe em Casa — Inspiração de Interiores,"A estética árabe e oriental nos interiores modernos europeus: padrões geométricos, cobre e latão, tecidos ricos, e obviamente — fragrâncias que completam o ambiente. Inspiração e produtos. | arabian interior design | moroccan decor | oriental home | luxury middle eastern decor",Beautifully styled room with Moroccan-inspired decor, lanterns, rich fabrics, with bakhoor burner as centrepiece,/blog/decoracao-arabe,"arabian interior design, moroccan home decor, oriental room inspiration, middle eastern decor portugal"
20,Decoração Árabe & Oriental,Queimadores de Bakhoor — Os Mais Belos para a Tua Casa,"Os queimadores de Bakhoor mais bonitos e funcionais para a decoração árabe moderna em Portugal. Do clássico árabe ao minimalista contemporâneo — como escolher o certo para o teu espaço. | bakhoor burner | arabian incense holder | home decor oriental | luxury home accessory",Flat lay of different ornate bakhoor burners from silver to gold to modern minimalist, styled on marble,/products#bakhoor,"bakhoor burner, arabian incense holder, luxury home accessory, oriental home decor"
21,Arabian Perfumes,Musk Árabe — A Fragrância Mais Íntima,"O Musk branco árabe é a fragrância da sensualidade discreta — limpo, quente, pele-sobre-pele. Usado em layering com oud e attar para criar uma assinatura olfativa única e irresistível. | white musk | arabian musk | sensual fragrance | natural musk perfume",Intimate close-up: white fabric, attar bottle, bare skin with single drop of oil, soft focus romantic lighting,/products#attar-musk,"arabian white musk, natural musk perfume, sensual fragrance natural, musk attar portugal"
22,Rituais de Luxo em Casa,O Ritual do Bakhoor para Receber Visitas — Guia Árabe,"Na cultura árabe, a hospitalidade começa pelo olfacto. Aprende o ritual completo do Bakhoor para receber visitas como um anfitrião do Golfo — timing, quantidade, e as fragrâncias certas para cada ocasião. | bakhoor hospitality | arabian hospitality | home ritual | entertain guests",Warm hospitality scene: elegant Arabic tea service with bakhoor burner smoking, welcoming home ambiance,/blog/rituais-bakhoor,"bakhoor hospitality ritual, arabian guest tradition, home fragrance guests, entertain in style"
23,Perfumes Sem Álcool,Natural vs Sintético — A Verdade dos Perfumes Modernos,"O que os fabricantes de perfumes não querem que saibas: 90% dos perfumes modernos são maioritariamente sintéticos e álcool. Como identificar perfumes 100% naturais — o guia honesto. | natural vs synthetic perfume | clean fragrance | truth about perfume | alcohol free natural",Two-column comparison infographic: conventional perfume ingredients vs natural attar ingredients, clean design,/blog/natural-vs-sintetico,"natural vs synthetic perfume, clean fragrance guide, alcohol free natural perfume, truth about perfumes"
24,Fragrâncias Árabes de Luxo,Sândalo — A Madeira Sagrada das Fragrâncias,"O sândalo de Mysore, na Índia, é uma das matérias-primas mais preciosas na perfumaria árabe e asiática. Cremoso, leitoso, quente — a base perfeita para oud e attar. Descobre os nossos blends com sândalo. | sandalwood perfume | mysore sandalwood | arabian sandalwood | natural wood fragrance",Macro photography of sandalwood chips with luxury bottle, warm earthy tones and dramatic lighting,/products#attar-sandalo,"sandalwood fragrance natural, mysore sandalwood perfume, arabian sandalwood attar, wood fragrance portugal"
25,Presentes de Luxo,Conjunto de Iniciação — O Presente Perfeito para Descobrir as Fragrâncias Árabes,"Para quem nunca experimentou fragrâncias árabes, o kit de iniciação é o presente ideal. Inclui amostras de Oud, Attar e Bakhoor com guia educativo. A primeira vez que não se esquece. | starter kit arabian perfume | fragrance discovery set | gift for perfume lover | introduction arabian scents",Elegant discovery set flat lay: mini bottles of each fragrance type in luxury presentation box with guide card,/products,"arabian perfume starter kit, fragrance discovery gift, introduction to oud, perfect first arabian perfume"
26,Arabian Perfumes,Jasmine Árabe — A Flor da Noite,"O jasmim árabe (Sambac) é diferente de qualquer jasmim que conheces — mais intenso, mais carnal, mais vivo. Capturado em attar puro, é a fragrância das noites quentes do Golfo. | jasmine attar | arabian jasmine | sambac jasmine | floral arabian fragrance",Night garden photography: white jasmine flowers in bloom with dark background, attar bottle glowing in soft light,/products#attar-jasmine,"jasmine attar perfume, arabian jasmine fragrance, sambac jasmine natural, floral alcohol free perfume"
27,Rituais de Luxo em Casa,Meditação com Fragrâncias Árabes — Guia de Bem-Estar,"As fragrâncias árabes têm sido usadas na meditação e práticas espirituais há milénios. Oud, Bakhoor e Attar como ferramentas de mindfulness — o guia para uma prática sensorial profunda. | meditation fragrance | aromatherapy oud | spiritual scent | mindfulness fragrance",Peaceful meditation scene: person seated with bakhoor smoke rising, soft morning light, mindfulness aesthetic,/blog/meditacao-fragrancias,"meditation with fragrance, oud aromatherapy, spiritual scent practice, mindfulness arabian fragrance"
28,Decoração Árabe & Oriental,Estilo Marroquino em Casa — Luz, Cor e Fragrância,"O estilo marroquino transporta-te: lanternas de cobre, mosaicos coloridos, tecidos ricos — e claro, o cheiro inconfundível do bakhoor. Como criar um salão marroquino autêntico em qualquer espaço. | moroccan interior design | moroccan home style | arabian home decor | boho luxe",Richly styled Moroccan room with lanterns, colorful tiles, plush cushions and bakhoor burner, warm golden light,/blog/decoracao-arabe,"moroccan interior design, moroccan home decor portugal, arabian style home, boho luxe decor"
29,Presentes de Luxo,Presente de Casamento Árabe — A Tradição da Fragrância,"Na cultura árabe, oferecer fragrâncias num casamento é uma das tradições mais belas. O presente que abençoa o novo lar. Descobre as nossas sugestões para presentes de casamento únicos. | wedding gift arabian | fragrance wedding gift | luxury wedding present | arabian tradition gift",Wedding gift setup: luxury box with ribbon, rose petals, oud and attar bottles, elegant calligraphy card,/products,"arabian wedding gift, fragrance wedding present, luxury unique wedding gift, oud wedding tradition"
30,Arabian Perfumes,Al Noor — A Nova Referência em Fragrâncias Árabes em Portugal,"Al Noor traz as fragrâncias árabes autênticas — Oud Puro, Attars e Bakhoor — directamente para Portugal. 100% naturais, sem álcool, em embalagem premium. A tradição milenar árabe, entregue à tua porta. | al noor perfumes | arabian fragrance portugal | luxury perfume portugal | oud portugal",Brand hero image: full product collection on black marble with gold accents, dramatic professional photography,/products,"arabian perfume portugal, luxury fragrance portugal, oud oil portugal, authentic arabian perfume shop"
